STRUCTURE,STRUCTURE_ID,STRUCTURE_NAME,freq,Time frequency,isced11,International Standard Classification of Education (ISCED 2011),unit,Unit of measure,geo,Geopolitical entity (reporting),TIME_PERIOD,Time,OBS_VALUE,Observation value,OBS_FLAG,Observation status (Flag) V2 structure,CONF_STATUS,Confidentiality status (flag)
dataflow,ESTAT:ILC_CHMD03(1.0),Child specific material deprivation rate by educational attainment level of their parents (children aged less than 16 years),A,Annual,ED0-2,"Less than primary, primary and lower secondary education (levels 0-2)",PC,Percentage,AL,Albania,2021,,74.7,,,,,
dataflow,ESTAT:ILC_CHMD03(1.0),Child specific material deprivation rate by educational attainment level of their parents (children aged less than 16 years),A,Annual,ED0-2,"Less than primary, primary and lower secondary education (levels 0-2)",PC,Percentage,AT,Austria,2021,,38.6,,,,,
dataflow,ESTAT:ILC_CHMD03(1.0),Child specific material deprivation rate by educational attainment level of their parents (children aged less than 16 years),A,Annual,ED0-2,"Less than primary, primary and lower secondary education (levels 0-2)",PC,Percentage,AT,Austria,2024,,31.0,,,,,
dataflow,ESTAT:ILC_CHMD03(1.0),Child specific material deprivation rate by educational attainment level of their parents (children aged less than 16 years),A,Annual,ED0-2,"Less than primary, primary and lower secondary education (levels 0-2)",PC,Percentage,BE,Belgium,2021,,36.4,,,,,
dataflow,ESTAT:ILC_CHMD03(1.0),Child specific material deprivation rate by educational attainment level of their parents (children aged less than 16 years),A,Annual,ED0-2,"Less than primary, primary and lower secondary education (levels 0-2)",PC,Percentage,BE,Belgium,2024,,48.9,,,,,
dataflow,ESTAT:ILC_CHMD03(1.0),Child specific material deprivation rate by educational attainment level of their parents (children aged less than 16 years),A,Annual,ED0-2,"Less than primary, primary and lower secondary education (levels 0-2)",PC,Percentage,BG,Bulgaria,2021,,83.4,,,,,
dataflow,ESTAT:ILC_CHMD03(1.0),Child specific material deprivation rate by educational attainment level of their parents (children aged less than 16 years),A,Annual,ED0-2,"Less than primary, primary and lower secondary education (levels 0-2)",PC,Percentage,BG,Bulgaria,2024,,84.1,,,,,
dataflow,ESTAT:ILC_CHMD03(1.0),Child specific material deprivation rate by educational attainment level of their parents (children aged less than 16 years),A,Annual,ED0-2,"Less than primary, primary and lower secondary education (levels 0-2)",PC,Percentage,CH,Switzerland,2021,,26.1,,,,,
dataflow,ESTAT:ILC_CHMD03(1.0),Child specific material deprivation rate by educational attainment level of their parents (children aged less than 16 years),A,Annual,ED0-2,"Less than primary, primary and lower secondary education (levels 0-2)",PC,Percentage,CY,Cyprus,2021,,61.4,,,,,
dataflow,ESTAT:ILC_CHMD03(1.0),Child specific material deprivation rate by educational attainment level of their parents (children aged less than 16 years),A,Annual,ED0-2,"Less than primary, primary and lower secondary education (levels 0-2)",PC,Percentage,CY,Cyprus,2024,,59.6,,,,,
dataflow,ESTAT:ILC_CHMD03(1.0),Child specific material deprivation rate by educational attainment level of their parents (children aged less than 16 years),A,Annual,ED0-2,"Less than primary, primary and lower secondary education (levels 0-2)",PC,Percentage,CZ,Czechia,2021,,63.7,,,,,
dataflow,ESTAT:ILC_CHMD03(1.0),Child specific material deprivation rate by educational attainment level of their parents (children aged less than 16 years),A,Annual,ED0-2,"Less than primary, primary and lower secondary education (levels 0-2)",PC,Percentage,CZ,Czechia,2024,,58.0,,,,,
dataflow,ESTAT:ILC_CHMD03(1.0),Child specific material deprivation rate by educational attainment level of their parents (children aged less than 16 years),A,Annual,ED0-2,"Less than primary, primary and lower secondary education (levels 0-2)",PC,Percentage,DE,Germany,2021,,,,u,low reliability,,
dataflow,ESTAT:ILC_CHMD03(1.0),Child specific material deprivation rate by educational attainment level of their parents (children aged less than 16 years),A,Annual,ED0-2,"Less than primary, primary and lower secondary education (levels 0-2)",PC,Percentage,DE,Germany,2024,,30.3,,,,,
dataflow,ESTAT:ILC_CHMD03(1.0),Child specific material deprivation rate by educational attainment level of their parents (children aged less than 16 years),A,Annual,ED0-2,"Less than primary, primary and lower secondary education (levels 0-2)",PC,Percentage,DK,Denmark,2021,,32.5,,,,,
dataflow,ESTAT:ILC_CHMD03(1.0),Child specific material deprivation rate by educational attainment level of their parents (children aged less than 16 years),A,Annual,ED0-2,"Less than primary, primary and lower secondary education (levels 0-2)",PC,Percentage,DK,Denmark,2024,,15.5,,,,,
dataflow,ESTAT:ILC_CHMD03(1.0),Child specific material deprivation rate by educational attainment level of their parents (children aged less than 16 years),A,Annual,ED0-2,"Less than primary, primary and lower secondary education (levels 0-2)",PC,Percentage,EA20,Euro area – 20 countries (from 2023),2021,,33.1,,e,estimated,,
dataflow,ESTAT:ILC_CHMD03(1.0),Child specific material deprivation rate by educational attainment level of their parents (children aged less than 16 years),A,Annual,ED0-2,"Less than primary, primary and lower secondary education (levels 0-2)",PC,Percentage,EA20,Euro area – 20 countries (from 2023),2024,,35.9,,,,,
dataflow,ESTAT:ILC_CHMD03(1.0),Child specific material deprivation rate by educational attainment level of their parents (children aged less than 16 years),A,Annual,ED0-2,"Less than primary, primary and lower secondary education (levels 0-2)",PC,Percentage,EE,Estonia,2021,,16.3,,,,,
dataflow,ESTAT:ILC_CHMD03(1.0),Child specific material deprivation rate by educational attainment level of their parents (children aged less than 16 years),A,Annual,ED0-2,"Less than primary, primary and lower secondary education (levels 0-2)",PC,Percentage,EE,Estonia,2024,,22.4,,,,,
dataflow,ESTAT:ILC_CHMD03(1.0),Child specific material deprivation rate by educational attainment level of their parents (children aged less than 16 years),A,Annual,ED0-2,"Less than primary, primary and lower secondary education (levels 0-2)",PC,Percentage,EL,Greece,2021,,61.6,,,,,
dataflow,ESTAT:ILC_CHMD03(1.0),Child specific material deprivation rate by educational attainment level of their parents (children aged less than 16 years),A,Annual,ED0-2,"Less than primary, primary and lower secondary education (levels 0-2)",PC,Percentage,EL,Greece,2024,,77.2,,,,,
dataflow,ESTAT:ILC_CHMD03(1.0),Child specific material deprivation rate by educational attainment level of their parents (children aged less than 16 years),A,Annual,ED0-2,"Less than primary, primary and lower secondary education (levels 0-2)",PC,Percentage,ES,Spain,2021,,42.8,,,,,
dataflow,ESTAT:ILC_CHMD03(1.0),Child specific material deprivation rate by educational attainment level of their parents (children aged less than 16 years),A,Annual,ED0-2,"Less than primary, primary and lower secondary education (levels 0-2)",PC,Percentage,ES,Spain,2024,,33.9,,,,,
dataflow,ESTAT:ILC_CHMD03(1.0),Child specific material deprivation rate by educational attainment level of their parents (children aged less than 16 years),A,Annual,ED0-2,"Less than primary, primary and lower secondary education (levels 0-2)",PC,Percentage,EU27_2020,European Union - 27 countries (from 2020),2021,,38.9,,e,estimated,,
dataflow,ESTAT:ILC_CHMD03(1.0),Child specific material deprivation rate by educational attainment level of their parents (children aged less than 16 years),A,Annual,ED0-2,"Less than primary, primary and lower secondary education (levels 0-2)",PC,Percentage,EU27_2020,European Union - 27 countries (from 2020),2024,,39.1,,,,,
dataflow,ESTAT:ILC_CHMD03(1.0),Child specific material deprivation rate by educational attainment level of their parents (children aged less than 16 years),A,Annual,ED0-2,"Less than primary, primary and lower secondary education (levels 0-2)",PC,Percentage,FI,Finland,2021,,22.3,,,,,
dataflow,ESTAT:ILC_CHMD03(1.0),Child specific material deprivation rate by educational attainment level of their parents (children aged less than 16 years),A,Annual,ED0-2,"Less than primary, primary and lower secondary education (levels 0-2)",PC,Percentage,FI,Finland,2024,,23.4,,u,low reliability,,
dataflow,ESTAT:ILC_CHMD03(1.0),Child specific material deprivation rate by educational attainment level of their parents (children aged less than 16 years),A,Annual,ED0-2,"Less than primary, primary and lower secondary education (levels 0-2)",PC,Percentage,FR,France,2021,,36.7,,,,,
dataflow,ESTAT:ILC_CHMD03(1.0),Child specific material deprivation rate by educational attainment level of their parents (children aged less than 16 years),A,Annual,ED0-2,"Less than primary, primary and lower secondary education (levels 0-2)",PC,Percentage,FR,France,2024,,40.0,,,,,
dataflow,ESTAT:ILC_CHMD03(1.0),Child specific material deprivation rate by educational attainment level of their parents (children aged less than 16 years),A,Annual,ED0-2,"Less than primary, primary and lower secondary education (levels 0-2)",PC,Percentage,HR,Croatia,2021,,29.5,,,,,
dataflow,ESTAT:ILC_CHMD03(1.0),Child specific material deprivation rate by educational attainment level of their parents (children aged less than 16 years),A,Annual,ED0-2,"Less than primary, primary and lower secondary education (levels 0-2)",PC,Percentage,HR,Croatia,2024,,28.3,,,,,
dataflow,ESTAT:ILC_CHMD03(1.0),Child specific material deprivation rate by educational attainment level of their parents (children aged less than 16 years),A,Annual,ED0-2,"Less than primary, primary and lower secondary education (levels 0-2)",PC,Percentage,HU,Hungary,2021,,78.0,,,,,
dataflow,ESTAT:ILC_CHMD03(1.0),Child specific material deprivation rate by educational attainment level of their parents (children aged less than 16 years),A,Annual,ED0-2,"Less than primary, primary and lower secondary education (levels 0-2)",PC,Percentage,HU,Hungary,2024,,69.1,,u,low reliability,,
dataflow,ESTAT:ILC_CHMD03(1.0),Child specific material deprivation rate by educational attainment level of their parents (children aged less than 16 years),A,Annual,ED0-2,"Less than primary, primary and lower secondary education (levels 0-2)",PC,Percentage,IE,Ireland,2021,,60.5,,,,,
dataflow,ESTAT:ILC_CHMD03(1.0),Child specific material deprivation rate by educational attainment level of their parents (children aged less than 16 years),A,Annual,ED0-2,"Less than primary, primary and lower secondary education (levels 0-2)",PC,Percentage,IE,Ireland,2024,,47.7,,,,,
dataflow,ESTAT:ILC_CHMD03(1.0),Child specific material deprivation rate by educational attainment level of their parents (children aged less than 16 years),A,Annual,ED0-2,"Less than primary, primary and lower secondary education (levels 0-2)",PC,Percentage,IS,Iceland,2021,,0.0,,n,not significant,,
dataflow,ESTAT:ILC_CHMD03(1.0),Child specific material deprivation rate by educational attainment level of their parents (children aged less than 16 years),A,Annual,ED0-2,"Less than primary, primary and lower secondary education (levels 0-2)",PC,Percentage,IT,Italy,2021,,34.3,,,,,
dataflow,ESTAT:ILC_CHMD03(1.0),Child specific material deprivation rate by educational attainment level of their parents (children aged less than 16 years),A,Annual,ED0-2,"Less than primary, primary and lower secondary education (levels 0-2)",PC,Percentage,IT,Italy,2024,,32.2,,,,,
dataflow,ESTAT:ILC_CHMD03(1.0),Child specific material deprivation rate by educational attainment level of their parents (children aged less than 16 years),A,Annual,ED0-2,"Less than primary, primary and lower secondary education (levels 0-2)",PC,Percentage,LT,Lithuania,2021,,59.1,,,,,
dataflow,ESTAT:ILC_CHMD03(1.0),Child specific material deprivation rate by educational attainment level of their parents (children aged less than 16 years),A,Annual,ED0-2,"Less than primary, primary and lower secondary education (levels 0-2)",PC,Percentage,LT,Lithuania,2024,,17.5,,pu,"provisional, low reliability",,
dataflow,ESTAT:ILC_CHMD03(1.0),Child specific material deprivation rate by educational attainment level of their parents (children aged less than 16 years),A,Annual,ED0-2,"Less than primary, primary and lower secondary education (levels 0-2)",PC,Percentage,LU,Luxembourg,2021,,21.0,,,,,
dataflow,ESTAT:ILC_CHMD03(1.0),Child specific material deprivation rate by educational attainment level of their parents (children aged less than 16 years),A,Annual,ED0-2,"Less than primary, primary and lower secondary education (levels 0-2)",PC,Percentage,LU,Luxembourg,2024,,9.2,,,,,
dataflow,ESTAT:ILC_CHMD03(1.0),Child specific material deprivation rate by educational attainment level of their parents (children aged less than 16 years),A,Annual,ED0-2,"Less than primary, primary and lower secondary education (levels 0-2)",PC,Percentage,LV,Latvia,2021,,38.6,,,,,
dataflow,ESTAT:ILC_CHMD03(1.0),Child specific material deprivation rate by educational attainment level of their parents (children aged less than 16 years),A,Annual,ED0-2,"Less than primary, primary and lower secondary education (levels 0-2)",PC,Percentage,LV,Latvia,2024,,26.6,,,,,
dataflow,ESTAT:ILC_CHMD03(1.0),Child specific material deprivation rate by educational attainment level of their parents (children aged less than 16 years),A,Annual,ED0-2,"Less than primary, primary and lower secondary education (levels 0-2)",PC,Percentage,ME,Montenegro,2021,,82.0,,,,,
dataflow,ESTAT:ILC_CHMD03(1.0),Child specific material deprivation rate by educational attainment level of their parents (children aged less than 16 years),A,Annual,ED0-2,"Less than primary, primary and lower secondary education (levels 0-2)",PC,Percentage,MT,Malta,2021,,22.2,,,,,
dataflow,ESTAT:ILC_CHMD03(1.0),Child specific material deprivation rate by educational attainment level of their parents (children aged less than 16 years),A,Annual,ED0-2,"Less than primary, primary and lower secondary education (levels 0-2)",PC,Percentage,MT,Malta,2024,,24.8,,,,,
dataflow,ESTAT:ILC_CHMD03(1.0),Child specific material deprivation rate by educational attainment level of their parents (children aged less than 16 years),A,Annual,ED0-2,"Less than primary, primary and lower secondary education (levels 0-2)",PC,Percentage,NL,Netherlands,2021,,23.4,,,,,
dataflow,ESTAT:ILC_CHMD03(1.0),Child specific material deprivation rate by educational attainment level of their parents (children aged less than 16 years),A,Annual,ED0-2,"Less than primary, primary and lower secondary education (levels 0-2)",PC,Percentage,NL,Netherlands,2024,,41.7,,,,,
dataflow,ESTAT:ILC_CHMD03(1.0),Child specific material deprivation rate by educational attainment level of their parents (children aged less than 16 years),A,Annual,ED0-2,"Less than primary, primary and lower secondary education (levels 0-2)",PC,Percentage,NO,Norway,2021,,28.7,,,,,
dataflow,ESTAT:ILC_CHMD03(1.0),Child specific material deprivation rate by educational attainment level of their parents (children aged less than 16 years),A,Annual,ED0-2,"Less than primary, primary and lower secondary education (levels 0-2)",PC,Percentage,NO,Norway,2024,,14.8,,,,,
dataflow,ESTAT:ILC_CHMD03(1.0),Child specific material deprivation rate by educational attainment level of their parents (children aged less than 16 years),A,Annual,ED0-2,"Less than primary, primary and lower secondary education (levels 0-2)",PC,Percentage,PL,Poland,2021,,13.9,,,,,
dataflow,ESTAT:ILC_CHMD03(1.0),Child specific material deprivation rate by educational attainment level of their parents (children aged less than 16 years),A,Annual,ED0-2,"Less than primary, primary and lower secondary education (levels 0-2)",PC,Percentage,PL,Poland,2024,,38.3,,,,,
dataflow,ESTAT:ILC_CHMD03(1.0),Child specific material deprivation rate by educational attainment level of their parents (children aged less than 16 years),A,Annual,ED0-2,"Less than primary, primary and lower secondary education (levels 0-2)",PC,Percentage,PT,Portugal,2021,,37.9,,,,,
dataflow,ESTAT:ILC_CHMD03(1.0),Child specific material deprivation rate by educational attainment level of their parents (children aged less than 16 years),A,Annual,ED0-2,"Less than primary, primary and lower secondary education (levels 0-2)",PC,Percentage,PT,Portugal,2024,,41.2,,,,,
dataflow,ESTAT:ILC_CHMD03(1.0),Child specific material deprivation rate by educational attainment level of their parents (children aged less than 16 years),A,Annual,ED0-2,"Less than primary, primary and lower secondary education (levels 0-2)",PC,Percentage,RO,Romania,2021,,85.3,,,,,
dataflow,ESTAT:ILC_CHMD03(1.0),Child specific material deprivation rate by educational attainment level of their parents (children aged less than 16 years),A,Annual,ED0-2,"Less than primary, primary and lower secondary education (levels 0-2)",PC,Percentage,RO,Romania,2024,,65.4,,,,,
dataflow,ESTAT:ILC_CHMD03(1.0),Child specific material deprivation rate by educational attainment level of their parents (children aged less than 16 years),A,Annual,ED0-2,"Less than primary, primary and lower secondary education (levels 0-2)",PC,Percentage,RS,Serbia,2021,,83.1,,,,,
dataflow,ESTAT:ILC_CHMD03(1.0),Child specific material deprivation rate by educational attainment level of their parents (children aged less than 16 years),A,Annual,ED0-2,"Less than primary, primary and lower secondary education (levels 0-2)",PC,Percentage,SE,Sweden,2021,,19.7,,,,,
dataflow,ESTAT:ILC_CHMD03(1.0),Child specific material deprivation rate by educational attainment level of their parents (children aged less than 16 years),A,Annual,ED0-2,"Less than primary, primary and lower secondary education (levels 0-2)",PC,Percentage,SE,Sweden,2024,,12.2,,,,,
dataflow,ESTAT:ILC_CHMD03(1.0),Child specific material deprivation rate by educational attainment level of their parents (children aged less than 16 years),A,Annual,ED0-2,"Less than primary, primary and lower secondary education (levels 0-2)",PC,Percentage,SI,Slovenia,2021,,52.5,,u,low reliability,,
dataflow,ESTAT:ILC_CHMD03(1.0),Child specific material deprivation rate by educational attainment level of their parents (children aged less than 16 years),A,Annual,ED0-2,"Less than primary, primary and lower secondary education (levels 0-2)",PC,Percentage,SI,Slovenia,2024,,41.3,,,,,
dataflow,ESTAT:ILC_CHMD03(1.0),Child specific material deprivation rate by educational attainment level of their parents (children aged less than 16 years),A,Annual,ED0-2,"Less than primary, primary and lower secondary education (levels 0-2)",PC,Percentage,SK,Slovakia,2021,,70.2,,,,,
dataflow,ESTAT:ILC_CHMD03(1.0),Child specific material deprivation rate by educational attainment level of their parents (children aged less than 16 years),A,Annual,ED0-2,"Less than primary, primary and lower secondary education (levels 0-2)",PC,Percentage,SK,Slovakia,2024,,88.6,,,,,
dataflow,ESTAT:ILC_CHMD03(1.0),Child specific material deprivation rate by educational attainment level of their parents (children aged less than 16 years),A,Annual,ED0-2,"Less than primary, primary and lower secondary education (levels 0-2)",PC,Percentage,TR,Türkiye,2021,,43.0,,,,,
dataflow,ESTAT:ILC_CHMD03(1.0),Child specific material deprivation rate by educational attainment level of their parents (children aged less than 16 years),A,Annual,ED3_4,Upper secondary and post-secondary non-tertiary education (levels 3 and 4),PC,Percentage,AL,Albania,2021,,58.7,,,,,
dataflow,ESTAT:ILC_CHMD03(1.0),Child specific material deprivation rate by educational attainment level of their parents (children aged less than 16 years),A,Annual,ED3_4,Upper secondary and post-secondary non-tertiary education (levels 3 and 4),PC,Percentage,AT,Austria,2021,,8.6,,,,,
dataflow,ESTAT:ILC_CHMD03(1.0),Child specific material deprivation rate by educational attainment level of their parents (children aged less than 16 years),A,Annual,ED3_4,Upper secondary and post-secondary non-tertiary education (levels 3 and 4),PC,Percentage,AT,Austria,2024,,11.6,,,,,
dataflow,ESTAT:ILC_CHMD03(1.0),Child specific material deprivation rate by educational attainment level of their parents (children aged less than 16 years),A,Annual,ED3_4,Upper secondary and post-secondary non-tertiary education (levels 3 and 4),PC,Percentage,BE,Belgium,2021,,21.4,,,,,
dataflow,ESTAT:ILC_CHMD03(1.0),Child specific material deprivation rate by educational attainment level of their parents (children aged less than 16 years),A,Annual,ED3_4,Upper secondary and post-secondary non-tertiary education (levels 3 and 4),PC,Percentage,BE,Belgium,2024,,20.5,,,,,
dataflow,ESTAT:ILC_CHMD03(1.0),Child specific material deprivation rate by educational attainment level of their parents (children aged less than 16 years),A,Annual,ED3_4,Upper secondary and post-secondary non-tertiary education (levels 3 and 4),PC,Percentage,BG,Bulgaria,2021,,34.7,,,,,
dataflow,ESTAT:ILC_CHMD03(1.0),Child specific material deprivation rate by educational attainment level of their parents (children aged less than 16 years),A,Annual,ED3_4,Upper secondary and post-secondary non-tertiary education (levels 3 and 4),PC,Percentage,BG,Bulgaria,2024,,27.9,,,,,
dataflow,ESTAT:ILC_CHMD03(1.0),Child specific material deprivation rate by educational attainment level of their parents (children aged less than 16 years),A,Annual,ED3_4,Upper secondary and post-secondary non-tertiary education (levels 3 and 4),PC,Percentage,CH,Switzerland,2021,,9.0,,,,,
dataflow,ESTAT:ILC_CHMD03(1.0),Child specific material deprivation rate by educational attainment level of their parents (children aged less than 16 years),A,Annual,ED3_4,Upper secondary and post-secondary non-tertiary education (levels 3 and 4),PC,Percentage,CY,Cyprus,2021,,38.1,,,,,
dataflow,ESTAT:ILC_CHMD03(1.0),Child specific material deprivation rate by educational attainment level of their parents (children aged less than 16 years),A,Annual,ED3_4,Upper secondary and post-secondary non-tertiary education (levels 3 and 4),PC,Percentage,CY,Cyprus,2024,,27.2,,,,,
dataflow,ESTAT:ILC_CHMD03(1.0),Child specific material deprivation rate by educational attainment level of their parents (children aged less than 16 years),A,Annual,ED3_4,Upper secondary and post-secondary non-tertiary education (levels 3 and 4),PC,Percentage,CZ,Czechia,2021,,8.0,,,,,
dataflow,ESTAT:ILC_CHMD03(1.0),Child specific material deprivation rate by educational attainment level of their parents (children aged less than 16 years),A,Annual,ED3_4,Upper secondary and post-secondary non-tertiary education (levels 3 and 4),PC,Percentage,CZ,Czechia,2024,,10.5,,,,,
dataflow,ESTAT:ILC_CHMD03(1.0),Child specific material deprivation rate by educational attainment level of their parents (children aged less than 16 years),A,Annual,ED3_4,Upper secondary and post-secondary non-tertiary education (levels 3 and 4),PC,Percentage,DE,Germany,2021,,,,u,low reliability,,
dataflow,ESTAT:ILC_CHMD03(1.0),Child specific material deprivation rate by educational attainment level of their parents (children aged less than 16 years),A,Annual,ED3_4,Upper secondary and post-secondary non-tertiary education (levels 3 and 4),PC,Percentage,DE,Germany,2024,,11.8,,,,,
dataflow,ESTAT:ILC_CHMD03(1.0),Child specific material deprivation rate by educational attainment level of their parents (children aged less than 16 years),A,Annual,ED3_4,Upper secondary and post-secondary non-tertiary education (levels 3 and 4),PC,Percentage,DK,Denmark,2021,,6.3,,,,,
dataflow,ESTAT:ILC_CHMD03(1.0),Child specific material deprivation rate by educational attainment level of their parents (children aged less than 16 years),A,Annual,ED3_4,Upper secondary and post-secondary non-tertiary education (levels 3 and 4),PC,Percentage,DK,Denmark,2024,,13.4,,,,,
dataflow,ESTAT:ILC_CHMD03(1.0),Child specific material deprivation rate by educational attainment level of their parents (children aged less than 16 years),A,Annual,ED3_4,Upper secondary and post-secondary non-tertiary education (levels 3 and 4),PC,Percentage,EA20,Euro area – 20 countries (from 2023),2021,,13.5,,e,estimated,,
dataflow,ESTAT:ILC_CHMD03(1.0),Child specific material deprivation rate by educational attainment level of their parents (children aged less than 16 years),A,Annual,ED3_4,Upper secondary and post-secondary non-tertiary education (levels 3 and 4),PC,Percentage,EA20,Euro area – 20 countries (from 2023),2024,,15.6,,,,,
dataflow,ESTAT:ILC_CHMD03(1.0),Child specific material deprivation rate by educational attainment level of their parents (children aged less than 16 years),A,Annual,ED3_4,Upper secondary and post-secondary non-tertiary education (levels 3 and 4),PC,Percentage,EE,Estonia,2021,,5.7,,,,,
dataflow,ESTAT:ILC_CHMD03(1.0),Child specific material deprivation rate by educational attainment level of their parents (children aged less than 16 years),A,Annual,ED3_4,Upper secondary and post-secondary non-tertiary education (levels 3 and 4),PC,Percentage,EE,Estonia,2024,,9.7,,,,,
dataflow,ESTAT:ILC_CHMD03(1.0),Child specific material deprivation rate by educational attainment level of their parents (children aged less than 16 years),A,Annual,ED3_4,Upper secondary and post-secondary non-tertiary education (levels 3 and 4),PC,Percentage,EL,Greece,2021,,46.3,,,,,
dataflow,ESTAT:ILC_CHMD03(1.0),Child specific material deprivation rate by educational attainment level of their parents (children aged less than 16 years),A,Annual,ED3_4,Upper secondary and post-secondary non-tertiary education (levels 3 and 4),PC,Percentage,EL,Greece,2024,,43.5,,,,,
dataflow,ESTAT:ILC_CHMD03(1.0),Child specific material deprivation rate by educational attainment level of their parents (children aged less than 16 years),A,Annual,ED3_4,Upper secondary and post-secondary non-tertiary education (levels 3 and 4),PC,Percentage,ES,Spain,2021,,27.5,,,,,
dataflow,ESTAT:ILC_CHMD03(1.0),Child specific material deprivation rate by educational attainment level of their parents (children aged less than 16 years),A,Annual,ED3_4,Upper secondary and post-secondary non-tertiary education (levels 3 and 4),PC,Percentage,ES,Spain,2024,,28.7,,,,,
dataflow,ESTAT:ILC_CHMD03(1.0),Child specific material deprivation rate by educational attainment level of their parents (children aged less than 16 years),A,Annual,ED3_4,Upper secondary and post-secondary non-tertiary education (levels 3 and 4),PC,Percentage,EU27_2020,European Union - 27 countries (from 2020),2021,,14.9,,e,estimated,,
dataflow,ESTAT:ILC_CHMD03(1.0),Child specific material deprivation rate by educational attainment level of their parents (children aged less than 16 years),A,Annual,ED3_4,Upper secondary and post-secondary non-tertiary education (levels 3 and 4),PC,Percentage,EU27_2020,European Union - 27 countries (from 2020),2024,,16.1,,,,,
dataflow,ESTAT:ILC_CHMD03(1.0),Child specific material deprivation rate by educational attainment level of their parents (children aged less than 16 years),A,Annual,ED3_4,Upper secondary and post-secondary non-tertiary education (levels 3 and 4),PC,Percentage,FI,Finland,2021,,5.6,,,,,
dataflow,ESTAT:ILC_CHMD03(1.0),Child specific material deprivation rate by educational attainment level of their parents (children aged less than 16 years),A,Annual,ED3_4,Upper secondary and post-secondary non-tertiary education (levels 3 and 4),PC,Percentage,FI,Finland,2024,,17.9,,,,,
dataflow,ESTAT:ILC_CHMD03(1.0),Child specific material deprivation rate by educational attainment level of their parents (children aged less than 16 years),A,Annual,ED3_4,Upper secondary and post-secondary non-tertiary education (levels 3 and 4),PC,Percentage,FR,France,2021,,15.5,,,,,
dataflow,ESTAT:ILC_CHMD03(1.0),Child specific material deprivation rate by educational attainment level of their parents (children aged less than 16 years),A,Annual,ED3_4,Upper secondary and post-secondary non-tertiary education (levels 3 and 4),PC,Percentage,FR,France,2024,,17.8,,,,,
dataflow,ESTAT:ILC_CHMD03(1.0),Child specific material deprivation rate by educational attainment level of their parents (children aged less than 16 years),A,Annual,ED3_4,Upper secondary and post-secondary non-tertiary education (levels 3 and 4),PC,Percentage,HR,Croatia,2021,,7.2,,,,,
dataflow,ESTAT:ILC_CHMD03(1.0),Child specific material deprivation rate by educational attainment level of their parents (children aged less than 16 years),A,Annual,ED3_4,Upper secondary and post-secondary non-tertiary education (levels 3 and 4),PC,Percentage,HR,Croatia,2024,,3.2,,,,,
dataflow,ESTAT:ILC_CHMD03(1.0),Child specific material deprivation rate by educational attainment level of their parents (children aged less than 16 years),A,Annual,ED3_4,Upper secondary and post-secondary non-tertiary education (levels 3 and 4),PC,Percentage,HU,Hungary,2021,,22.2,,,,,
dataflow,ESTAT:ILC_CHMD03(1.0),Child specific material deprivation rate by educational attainment level of their parents (children aged less than 16 years),A,Annual,ED3_4,Upper secondary and post-secondary non-tertiary education (levels 3 and 4),PC,Percentage,HU,Hungary,2024,,18.9,,u,low reliability,,
dataflow,ESTAT:ILC_CHMD03(1.0),Child specific material deprivation rate by educational attainment level of their parents (children aged less than 16 years),A,Annual,ED3_4,Upper secondary and post-secondary non-tertiary education (levels 3 and 4),PC,Percentage,IE,Ireland,2021,,16.6,,,,,
dataflow,ESTAT:ILC_CHMD03(1.0),Child specific material deprivation rate by educational attainment level of their parents (children aged less than 16 years),A,Annual,ED3_4,Upper secondary and post-secondary non-tertiary education (levels 3 and 4),PC,Percentage,IE,Ireland,2024,,20.0,,,,,
dataflow,ESTAT:ILC_CHMD03(1.0),Child specific material deprivation rate by educational attainment level of their parents (children aged less than 16 years),A,Annual,ED3_4,Upper secondary and post-secondary non-tertiary education (levels 3 and 4),PC,Percentage,IS,Iceland,2021,,6.3,,,,,
dataflow,ESTAT:ILC_CHMD03(1.0),Child specific material deprivation rate by educational attainment level of their parents (children aged less than 16 years),A,Annual,ED3_4,Upper secondary and post-secondary non-tertiary education (levels 3 and 4),PC,Percentage,IT,Italy,2021,,10.4,,,,,
dataflow,ESTAT:ILC_CHMD03(1.0),Child specific material deprivation rate by educational attainment level of their parents (children aged less than 16 years),A,Annual,ED3_4,Upper secondary and post-secondary non-tertiary education (levels 3 and 4),PC,Percentage,IT,Italy,2024,,9.4,,,,,
dataflow,ESTAT:ILC_CHMD03(1.0),Child specific material deprivation rate by educational attainment level of their parents (children aged less than 16 years),A,Annual,ED3_4,Upper secondary and post-secondary non-tertiary education (levels 3 and 4),PC,Percentage,LT,Lithuania,2021,,17.2,,,,,
dataflow,ESTAT:ILC_CHMD03(1.0),Child specific material deprivation rate by educational attainment level of their parents (children aged less than 16 years),A,Annual,ED3_4,Upper secondary and post-secondary non-tertiary education (levels 3 and 4),PC,Percentage,LT,Lithuania,2024,,15.4,,p,provisional,,
dataflow,ESTAT:ILC_CHMD03(1.0),Child specific material deprivation rate by educational attainment level of their parents (children aged less than 16 years),A,Annual,ED3_4,Upper secondary and post-secondary non-tertiary education (levels 3 and 4),PC,Percentage,LU,Luxembourg,2021,,12.0,,,,,
dataflow,ESTAT:ILC_CHMD03(1.0),Child specific material deprivation rate by educational attainment level of their parents (children aged less than 16 years),A,Annual,ED3_4,Upper secondary and post-secondary non-tertiary education (levels 3 and 4),PC,Percentage,LU,Luxembourg,2024,,12.2,,,,,
dataflow,ESTAT:ILC_CHMD03(1.0),Child specific material deprivation rate by educational attainment level of their parents (children aged less than 16 years),A,Annual,ED3_4,Upper secondary and post-secondary non-tertiary education (levels 3 and 4),PC,Percentage,LV,Latvia,2021,,14.2,,,,,
dataflow,ESTAT:ILC_CHMD03(1.0),Child specific material deprivation rate by educational attainment level of their parents (children aged less than 16 years),A,Annual,ED3_4,Upper secondary and post-secondary non-tertiary education (levels 3 and 4),PC,Percentage,LV,Latvia,2024,,9.8,,,,,
dataflow,ESTAT:ILC_CHMD03(1.0),Child specific material deprivation rate by educational attainment level of their parents (children aged less than 16 years),A,Annual,ED3_4,Upper secondary and post-secondary non-tertiary education (levels 3 and 4),PC,Percentage,ME,Montenegro,2021,,46.5,,,,,
dataflow,ESTAT:ILC_CHMD03(1.0),Child specific material deprivation rate by educational attainment level of their parents (children aged less than 16 years),A,Annual,ED3_4,Upper secondary and post-secondary non-tertiary education (levels 3 and 4),PC,Percentage,MT,Malta,2021,,4.9,,,,,
dataflow,ESTAT:ILC_CHMD03(1.0),Child specific material deprivation rate by educational attainment level of their parents (children aged less than 16 years),A,Annual,ED3_4,Upper secondary and post-secondary non-tertiary education (levels 3 and 4),PC,Percentage,MT,Malta,2024,,2.7,,,,,
dataflow,ESTAT:ILC_CHMD03(1.0),Child specific material deprivation rate by educational attainment level of their parents (children aged less than 16 years),A,Annual,ED3_4,Upper secondary and post-secondary non-tertiary education (levels 3 and 4),PC,Percentage,NL,Netherlands,2021,,8.8,,,,,
dataflow,ESTAT:ILC_CHMD03(1.0),Child specific material deprivation rate by educational attainment level of their parents (children aged less than 16 years),A,Annual,ED3_4,Upper secondary and post-secondary non-tertiary education (levels 3 and 4),PC,Percentage,NL,Netherlands,2024,,11.0,,,,,
dataflow,ESTAT:ILC_CHMD03(1.0),Child specific material deprivation rate by educational attainment level of their parents (children aged less than 16 years),A,Annual,ED3_4,Upper secondary and post-secondary non-tertiary education (levels 3 and 4),PC,Percentage,NO,Norway,2021,,5.7,,,,,
dataflow,ESTAT:ILC_CHMD03(1.0),Child specific material deprivation rate by educational attainment level of their parents (children aged less than 16 years),A,Annual,ED3_4,Upper secondary and post-secondary non-tertiary education (levels 3 and 4),PC,Percentage,NO,Norway,2024,,10.0,,,,,
dataflow,ESTAT:ILC_CHMD03(1.0),Child specific material deprivation rate by educational attainment level of their parents (children aged less than 16 years),A,Annual,ED3_4,Upper secondary and post-secondary non-tertiary education (levels 3 and 4),PC,Percentage,PL,Poland,2021,,8.5,,,,,
dataflow,ESTAT:ILC_CHMD03(1.0),Child specific material deprivation rate by educational attainment level of their parents (children aged less than 16 years),A,Annual,ED3_4,Upper secondary and post-secondary non-tertiary education (levels 3 and 4),PC,Percentage,PL,Poland,2024,,9.8,,,,,
dataflow,ESTAT:ILC_CHMD03(1.0),Child specific material deprivation rate by educational attainment level of their parents (children aged less than 16 years),A,Annual,ED3_4,Upper secondary and post-secondary non-tertiary education (levels 3 and 4),PC,Percentage,PT,Portugal,2021,,15.7,,,,,
dataflow,ESTAT:ILC_CHMD03(1.0),Child specific material deprivation rate by educational attainment level of their parents (children aged less than 16 years),A,Annual,ED3_4,Upper secondary and post-secondary non-tertiary education (levels 3 and 4),PC,Percentage,PT,Portugal,2024,,14.2,,,,,
dataflow,ESTAT:ILC_CHMD03(1.0),Child specific material deprivation rate by educational attainment level of their parents (children aged less than 16 years),A,Annual,ED3_4,Upper secondary and post-secondary non-tertiary education (levels 3 and 4),PC,Percentage,RO,Romania,2021,,41.9,,,,,
dataflow,ESTAT:ILC_CHMD03(1.0),Child specific material deprivation rate by educational attainment level of their parents (children aged less than 16 years),A,Annual,ED3_4,Upper secondary and post-secondary non-tertiary education (levels 3 and 4),PC,Percentage,RO,Romania,2024,,33.2,,,,,
dataflow,ESTAT:ILC_CHMD03(1.0),Child specific material deprivation rate by educational attainment level of their parents (children aged less than 16 years),A,Annual,ED3_4,Upper secondary and post-secondary non-tertiary education (levels 3 and 4),PC,Percentage,RS,Serbia,2021,,23.1,,,,,
dataflow,ESTAT:ILC_CHMD03(1.0),Child specific material deprivation rate by educational attainment level of their parents (children aged less than 16 years),A,Annual,ED3_4,Upper secondary and post-secondary non-tertiary education (levels 3 and 4),PC,Percentage,SE,Sweden,2021,,1.3,,,,,
dataflow,ESTAT:ILC_CHMD03(1.0),Child specific material deprivation rate by educational attainment level of their parents (children aged less than 16 years),A,Annual,ED3_4,Upper secondary and post-secondary non-tertiary education (levels 3 and 4),PC,Percentage,SE,Sweden,2024,,6.7,,,,,
dataflow,ESTAT:ILC_CHMD03(1.0),Child specific material deprivation rate by educational attainment level of their parents (children aged less than 16 years),A,Annual,ED3_4,Upper secondary and post-secondary non-tertiary education (levels 3 and 4),PC,Percentage,SI,Slovenia,2021,,6.8,,,,,
dataflow,ESTAT:ILC_CHMD03(1.0),Child specific material deprivation rate by educational attainment level of their parents (children aged less than 16 years),A,Annual,ED3_4,Upper secondary and post-secondary non-tertiary education (levels 3 and 4),PC,Percentage,SI,Slovenia,2024,,8.3,,,,,
dataflow,ESTAT:ILC_CHMD03(1.0),Child specific material deprivation rate by educational attainment level of their parents (children aged less than 16 years),A,Annual,ED3_4,Upper secondary and post-secondary non-tertiary education (levels 3 and 4),PC,Percentage,SK,Slovakia,2021,,14.3,,,,,
dataflow,ESTAT:ILC_CHMD03(1.0),Child specific material deprivation rate by educational attainment level of their parents (children aged less than 16 years),A,Annual,ED3_4,Upper secondary and post-secondary non-tertiary education (levels 3 and 4),PC,Percentage,SK,Slovakia,2024,,15.6,,,,,
dataflow,ESTAT:ILC_CHMD03(1.0),Child specific material deprivation rate by educational attainment level of their parents (children aged less than 16 years),A,Annual,ED3_4,Upper secondary and post-secondary non-tertiary education (levels 3 and 4),PC,Percentage,TR,Türkiye,2021,,22.0,,,,,
dataflow,ESTAT:ILC_CHMD03(1.0),Child specific material deprivation rate by educational attainment level of their parents (children aged less than 16 years),A,Annual,ED5-8,Tertiary education (levels 5-8),PC,Percentage,AL,Albania,2021,,31.9,,,,,
dataflow,ESTAT:ILC_CHMD03(1.0),Child specific material deprivation rate by educational attainment level of their parents (children aged less than 16 years),A,Annual,ED5-8,Tertiary education (levels 5-8),PC,Percentage,AT,Austria,2021,,2.8,,,,,
dataflow,ESTAT:ILC_CHMD03(1.0),Child specific material deprivation rate by educational attainment level of their parents (children aged less than 16 years),A,Annual,ED5-8,Tertiary education (levels 5-8),PC,Percentage,AT,Austria,2024,,5.3,,,,,
dataflow,ESTAT:ILC_CHMD03(1.0),Child specific material deprivation rate by educational attainment level of their parents (children aged less than 16 years),A,Annual,ED5-8,Tertiary education (levels 5-8),PC,Percentage,BE,Belgium,2021,,4.9,,,,,
dataflow,ESTAT:ILC_CHMD03(1.0),Child specific material deprivation rate by educational attainment level of their parents (children aged less than 16 years),A,Annual,ED5-8,Tertiary education (levels 5-8),PC,Percentage,BE,Belgium,2024,,5.2,,,,,
dataflow,ESTAT:ILC_CHMD03(1.0),Child specific material deprivation rate by educational attainment level of their parents (children aged less than 16 years),A,Annual,ED5-8,Tertiary education (levels 5-8),PC,Percentage,BG,Bulgaria,2021,,11.8,,,,,
dataflow,ESTAT:ILC_CHMD03(1.0),Child specific material deprivation rate by educational attainment level of their parents (children aged less than 16 years),A,Annual,ED5-8,Tertiary education (levels 5-8),PC,Percentage,BG,Bulgaria,2024,,8.1,,,,,
dataflow,ESTAT:ILC_CHMD03(1.0),Child specific material deprivation rate by educational attainment level of their parents (children aged less than 16 years),A,Annual,ED5-8,Tertiary education (levels 5-8),PC,Percentage,CH,Switzerland,2021,,1.8,,,,,
dataflow,ESTAT:ILC_CHMD03(1.0),Child specific material deprivation rate by educational attainment level of their parents (children aged less than 16 years),A,Annual,ED5-8,Tertiary education (levels 5-8),PC,Percentage,CY,Cyprus,2021,,10.0,,,,,
dataflow,ESTAT:ILC_CHMD03(1.0),Child specific material deprivation rate by educational attainment level of their parents (children aged less than 16 years),A,Annual,ED5-8,Tertiary education (levels 5-8),PC,Percentage,CY,Cyprus,2024,,7.5,,,,,
dataflow,ESTAT:ILC_CHMD03(1.0),Child specific material deprivation rate by educational attainment level of their parents (children aged less than 16 years),A,Annual,ED5-8,Tertiary education (levels 5-8),PC,Percentage,CZ,Czechia,2021,,0.6,,,,,
dataflow,ESTAT:ILC_CHMD03(1.0),Child specific material deprivation rate by educational attainment level of their parents (children aged less than 16 years),A,Annual,ED5-8,Tertiary education (levels 5-8),PC,Percentage,CZ,Czechia,2024,,0.8,,,,,
dataflow,ESTAT:ILC_CHMD03(1.0),Child specific material deprivation rate by educational attainment level of their parents (children aged less than 16 years),A,Annual,ED5-8,Tertiary education (levels 5-8),PC,Percentage,DE,Germany,2021,,,,u,low reliability,,
dataflow,ESTAT:ILC_CHMD03(1.0),Child specific material deprivation rate by educational attainment level of their parents (children aged less than 16 years),A,Annual,ED5-8,Tertiary education (levels 5-8),PC,Percentage,DE,Germany,2024,,5.6,,,,,
dataflow,ESTAT:ILC_CHMD03(1.0),Child specific material deprivation rate by educational attainment level of their parents (children aged less than 16 years),A,Annual,ED5-8,Tertiary education (levels 5-8),PC,Percentage,DK,Denmark,2021,,2.1,,,,,
dataflow,ESTAT:ILC_CHMD03(1.0),Child specific material deprivation rate by educational attainment level of their parents (children aged less than 16 years),A,Annual,ED5-8,Tertiary education (levels 5-8),PC,Percentage,DK,Denmark,2024,,3.5,,,,,
dataflow,ESTAT:ILC_CHMD03(1.0),Child specific material deprivation rate by educational attainment level of their parents (children aged less than 16 years),A,Annual,ED5-8,Tertiary education (levels 5-8),PC,Percentage,EA20,Euro area – 20 countries (from 2023),2021,,4.0,,e,estimated,,
dataflow,ESTAT:ILC_CHMD03(1.0),Child specific material deprivation rate by educational attainment level of their parents (children aged less than 16 years),A,Annual,ED5-8,Tertiary education (levels 5-8),PC,Percentage,EA20,Euro area – 20 countries (from 2023),2024,,6.2,,,,,
dataflow,ESTAT:ILC_CHMD03(1.0),Child specific material deprivation rate by educational attainment level of their parents (children aged less than 16 years),A,Annual,ED5-8,Tertiary education (levels 5-8),PC,Percentage,EE,Estonia,2021,,1.6,,,,,
dataflow,ESTAT:ILC_CHMD03(1.0),Child specific material deprivation rate by educational attainment level of their parents (children aged less than 16 years),A,Annual,ED5-8,Tertiary education (levels 5-8),PC,Percentage,EE,Estonia,2024,,4.2,,,,,
dataflow,ESTAT:ILC_CHMD03(1.0),Child specific material deprivation rate by educational attainment level of their parents (children aged less than 16 years),A,Annual,ED5-8,Tertiary education (levels 5-8),PC,Percentage,EL,Greece,2021,,16.1,,,,,
dataflow,ESTAT:ILC_CHMD03(1.0),Child specific material deprivation rate by educational attainment level of their parents (children aged less than 16 years),A,Annual,ED5-8,Tertiary education (levels 5-8),PC,Percentage,EL,Greece,2024,,17.6,,,,,
dataflow,ESTAT:ILC_CHMD03(1.0),Child specific material deprivation rate by educational attainment level of their parents (children aged less than 16 years),A,Annual,ED5-8,Tertiary education (levels 5-8),PC,Percentage,ES,Spain,2021,,8.2,,,,,
dataflow,ESTAT:ILC_CHMD03(1.0),Child specific material deprivation rate by educational attainment level of their parents (children aged less than 16 years),A,Annual,ED5-8,Tertiary education (levels 5-8),PC,Percentage,ES,Spain,2024,,11.6,,,,,
dataflow,ESTAT:ILC_CHMD03(1.0),Child specific material deprivation rate by educational attainment level of their parents (children aged less than 16 years),A,Annual,ED5-8,Tertiary education (levels 5-8),PC,Percentage,EU27_2020,European Union - 27 countries (from 2020),2021,,3.7,,e,estimated,,
dataflow,ESTAT:ILC_CHMD03(1.0),Child specific material deprivation rate by educational attainment level of their parents (children aged less than 16 years),A,Annual,ED5-8,Tertiary education (levels 5-8),PC,Percentage,EU27_2020,European Union - 27 countries (from 2020),2024,,5.6,,,,,
dataflow,ESTAT:ILC_CHMD03(1.0),Child specific material deprivation rate by educational attainment level of their parents (children aged less than 16 years),A,Annual,ED5-8,Tertiary education (levels 5-8),PC,Percentage,FI,Finland,2021,,1.6,,,,,
dataflow,ESTAT:ILC_CHMD03(1.0),Child specific material deprivation rate by educational attainment level of their parents (children aged less than 16 years),A,Annual,ED5-8,Tertiary education (levels 5-8),PC,Percentage,FI,Finland,2024,,4.3,,,,,
dataflow,ESTAT:ILC_CHMD03(1.0),Child specific material deprivation rate by educational attainment level of their parents (children aged less than 16 years),A,Annual,ED5-8,Tertiary education (levels 5-8),PC,Percentage,FR,France,2021,,3.5,,,,,
dataflow,ESTAT:ILC_CHMD03(1.0),Child specific material deprivation rate by educational attainment level of their parents (children aged less than 16 years),A,Annual,ED5-8,Tertiary education (levels 5-8),PC,Percentage,FR,France,2024,,5.4,,,,,
dataflow,ESTAT:ILC_CHMD03(1.0),Child specific material deprivation rate by educational attainment level of their parents (children aged less than 16 years),A,Annual,ED5-8,Tertiary education (levels 5-8),PC,Percentage,HR,Croatia,2021,,1.5,,,,,
dataflow,ESTAT:ILC_CHMD03(1.0),Child specific material deprivation rate by educational attainment level of their parents (children aged less than 16 years),A,Annual,ED5-8,Tertiary education (levels 5-8),PC,Percentage,HR,Croatia,2024,,0.7,,,,,
dataflow,ESTAT:ILC_CHMD03(1.0),Child specific material deprivation rate by educational attainment level of their parents (children aged less than 16 years),A,Annual,ED5-8,Tertiary education (levels 5-8),PC,Percentage,HU,Hungary,2021,,3.7,,,,,
dataflow,ESTAT:ILC_CHMD03(1.0),Child specific material deprivation rate by educational attainment level of their parents (children aged less than 16 years),A,Annual,ED5-8,Tertiary education (levels 5-8),PC,Percentage,HU,Hungary,2024,,2.4,,u,low reliability,,
dataflow,ESTAT:ILC_CHMD03(1.0),Child specific material deprivation rate by educational attainment level of their parents (children aged less than 16 years),A,Annual,ED5-8,Tertiary education (levels 5-8),PC,Percentage,IE,Ireland,2021,,5.4,,,,,
dataflow,ESTAT:ILC_CHMD03(1.0),Child specific material deprivation rate by educational attainment level of their parents (children aged less than 16 years),A,Annual,ED5-8,Tertiary education (levels 5-8),PC,Percentage,IE,Ireland,2024,,8.0,,,,,
dataflow,ESTAT:ILC_CHMD03(1.0),Child specific material deprivation rate by educational attainment level of their parents (children aged less than 16 years),A,Annual,ED5-8,Tertiary education (levels 5-8),PC,Percentage,IS,Iceland,2021,,0.0,,n,not significant,,
dataflow,ESTAT:ILC_CHMD03(1.0),Child specific material deprivation rate by educational attainment level of their parents (children aged less than 16 years),A,Annual,ED5-8,Tertiary education (levels 5-8),PC,Percentage,IT,Italy,2021,,2.9,,,,,
dataflow,ESTAT:ILC_CHMD03(1.0),Child specific material deprivation rate by educational attainment level of their parents (children aged less than 16 years),A,Annual,ED5-8,Tertiary education (levels 5-8),PC,Percentage,IT,Italy,2024,,2.7,,,,,
dataflow,ESTAT:ILC_CHMD03(1.0),Child specific material deprivation rate by educational attainment level of their parents (children aged less than 16 years),A,Annual,ED5-8,Tertiary education (levels 5-8),PC,Percentage,LT,Lithuania,2021,,2.9,,,,,
dataflow,ESTAT:ILC_CHMD03(1.0),Child specific material deprivation rate by educational attainment level of their parents (children aged less than 16 years),A,Annual,ED5-8,Tertiary education (levels 5-8),PC,Percentage,LT,Lithuania,2024,,3.1,,p,provisional,,
dataflow,ESTAT:ILC_CHMD03(1.0),Child specific material deprivation rate by educational attainment level of their parents (children aged less than 16 years),A,Annual,ED5-8,Tertiary education (levels 5-8),PC,Percentage,LU,Luxembourg,2021,,3.3,,,,,
dataflow,ESTAT:ILC_CHMD03(1.0),Child specific material deprivation rate by educational attainment level of their parents (children aged less than 16 years),A,Annual,ED5-8,Tertiary education (levels 5-8),PC,Percentage,LU,Luxembourg,2024,,4.2,,,,,
dataflow,ESTAT:ILC_CHMD03(1.0),Child specific material deprivation rate by educational attainment level of their parents (children aged less than 16 years),A,Annual,ED5-8,Tertiary education (levels 5-8),PC,Percentage,LV,Latvia,2021,,3.2,,,,,
dataflow,ESTAT:ILC_CHMD03(1.0),Child specific material deprivation rate by educational attainment level of their parents (children aged less than 16 years),A,Annual,ED5-8,Tertiary education (levels 5-8),PC,Percentage,LV,Latvia,2024,,4.6,,,,,
dataflow,ESTAT:ILC_CHMD03(1.0),Child specific material deprivation rate by educational attainment level of their parents (children aged less than 16 years),A,Annual,ED5-8,Tertiary education (levels 5-8),PC,Percentage,ME,Montenegro,2021,,18.2,,,,,
dataflow,ESTAT:ILC_CHMD03(1.0),Child specific material deprivation rate by educational attainment level of their parents (children aged less than 16 years),A,Annual,ED5-8,Tertiary education (levels 5-8),PC,Percentage,MT,Malta,2021,,2.9,,,,,
dataflow,ESTAT:ILC_CHMD03(1.0),Child specific material deprivation rate by educational attainment level of their parents (children aged less than 16 years),A,Annual,ED5-8,Tertiary education (levels 5-8),PC,Percentage,MT,Malta,2024,,1.6,,,,,
dataflow,ESTAT:ILC_CHMD03(1.0),Child specific material deprivation rate by educational attainment level of their parents (children aged less than 16 years),A,Annual,ED5-8,Tertiary education (levels 5-8),PC,Percentage,NL,Netherlands,2021,,2.0,,,,,
dataflow,ESTAT:ILC_CHMD03(1.0),Child specific material deprivation rate by educational attainment level of their parents (children aged less than 16 years),A,Annual,ED5-8,Tertiary education (levels 5-8),PC,Percentage,NL,Netherlands,2024,,5.8,,,,,
dataflow,ESTAT:ILC_CHMD03(1.0),Child specific material deprivation rate by educational attainment level of their parents (children aged less than 16 years),A,Annual,ED5-8,Tertiary education (levels 5-8),PC,Percentage,NO,Norway,2021,,1.9,,,,,
dataflow,ESTAT:ILC_CHMD03(1.0),Child specific material deprivation rate by educational attainment level of their parents (children aged less than 16 years),A,Annual,ED5-8,Tertiary education (levels 5-8),PC,Percentage,NO,Norway,2024,,3.1,,,,,
dataflow,ESTAT:ILC_CHMD03(1.0),Child specific material deprivation rate by educational attainment level of their parents (children aged less than 16 years),A,Annual,ED5-8,Tertiary education (levels 5-8),PC,Percentage,PL,Poland,2021,,0.9,,,,,
dataflow,ESTAT:ILC_CHMD03(1.0),Child specific material deprivation rate by educational attainment level of their parents (children aged less than 16 years),A,Annual,ED5-8,Tertiary education (levels 5-8),PC,Percentage,PL,Poland,2024,,1.6,,,,,
dataflow,ESTAT:ILC_CHMD03(1.0),Child specific material deprivation rate by educational attainment level of their parents (children aged less than 16 years),A,Annual,ED5-8,Tertiary education (levels 5-8),PC,Percentage,PT,Portugal,2021,,2.3,,,,,
dataflow,ESTAT:ILC_CHMD03(1.0),Child specific material deprivation rate by educational attainment level of their parents (children aged less than 16 years),A,Annual,ED5-8,Tertiary education (levels 5-8),PC,Percentage,PT,Portugal,2024,,4.3,,,,,
dataflow,ESTAT:ILC_CHMD03(1.0),Child specific material deprivation rate by educational attainment level of their parents (children aged less than 16 years),A,Annual,ED5-8,Tertiary education (levels 5-8),PC,Percentage,RO,Romania,2021,,6.3,,,,,
dataflow,ESTAT:ILC_CHMD03(1.0),Child specific material deprivation rate by educational attainment level of their parents (children aged less than 16 years),A,Annual,ED5-8,Tertiary education (levels 5-8),PC,Percentage,RO,Romania,2024,,8.0,,,,,
dataflow,ESTAT:ILC_CHMD03(1.0),Child specific material deprivation rate by educational attainment level of their parents (children aged less than 16 years),A,Annual,ED5-8,Tertiary education (levels 5-8),PC,Percentage,RS,Serbia,2021,,4.7,,,,,
dataflow,ESTAT:ILC_CHMD03(1.0),Child specific material deprivation rate by educational attainment level of their parents (children aged less than 16 years),A,Annual,ED5-8,Tertiary education (levels 5-8),PC,Percentage,SE,Sweden,2021,,0.8,,,,,
dataflow,ESTAT:ILC_CHMD03(1.0),Child specific material deprivation rate by educational attainment level of their parents (children aged less than 16 years),A,Annual,ED5-8,Tertiary education (levels 5-8),PC,Percentage,SE,Sweden,2024,,3.8,,,,,
dataflow,ESTAT:ILC_CHMD03(1.0),Child specific material deprivation rate by educational attainment level of their parents (children aged less than 16 years),A,Annual,ED5-8,Tertiary education (levels 5-8),PC,Percentage,SI,Slovenia,2021,,0.3,,,,,
dataflow,ESTAT:ILC_CHMD03(1.0),Child specific material deprivation rate by educational attainment level of their parents (children aged less than 16 years),A,Annual,ED5-8,Tertiary education (levels 5-8),PC,Percentage,SI,Slovenia,2024,,0.6,,,,,
dataflow,ESTAT:ILC_CHMD03(1.0),Child specific material deprivation rate by educational attainment level of their parents (children aged less than 16 years),A,Annual,ED5-8,Tertiary education (levels 5-8),PC,Percentage,SK,Slovakia,2021,,2.0,,,,,
dataflow,ESTAT:ILC_CHMD03(1.0),Child specific material deprivation rate by educational attainment level of their parents (children aged less than 16 years),A,Annual,ED5-8,Tertiary education (levels 5-8),PC,Percentage,SK,Slovakia,2024,,1.6,,,,,
dataflow,ESTAT:ILC_CHMD03(1.0),Child specific material deprivation rate by educational attainment level of their parents (children aged less than 16 years),A,Annual,ED5-8,Tertiary education (levels 5-8),PC,Percentage,TR,Türkiye,2021,,8.1,,,,,
dataflow,ESTAT:ILC_CHMD03(1.0),Child specific material deprivation rate by educational attainment level of their parents (children aged less than 16 years),A,Annual,TOTAL,All ISCED 2011 levels,PC,Percentage,AL,Albania,2021,,59.5,,,,,
dataflow,ESTAT:ILC_CHMD03(1.0),Child specific material deprivation rate by educational attainment level of their parents (children aged less than 16 years),A,Annual,TOTAL,All ISCED 2011 levels,PC,Percentage,AT,Austria,2021,,7.4,,,,,
dataflow,ESTAT:ILC_CHMD03(1.0),Child specific material deprivation rate by educational attainment level of their parents (children aged less than 16 years),A,Annual,TOTAL,All ISCED 2011 levels,PC,Percentage,AT,Austria,2024,,9.1,,,,,
dataflow,ESTAT:ILC_CHMD03(1.0),Child specific material deprivation rate by educational attainment level of their parents (children aged less than 16 years),A,Annual,TOTAL,All ISCED 2011 levels,PC,Percentage,BE,Belgium,2021,,12.8,,,,,
dataflow,ESTAT:ILC_CHMD03(1.0),Child specific material deprivation rate by educational attainment level of their parents (children aged less than 16 years),A,Annual,TOTAL,All ISCED 2011 levels,PC,Percentage,BE,Belgium,2024,,13.6,,,,,
dataflow,ESTAT:ILC_CHMD03(1.0),Child specific material deprivation rate by educational attainment level of their parents (children aged less than 16 years),A,Annual,TOTAL,All ISCED 2011 levels,PC,Percentage,BG,Bulgaria,2021,,36.4,,,,,
dataflow,ESTAT:ILC_CHMD03(1.0),Child specific material deprivation rate by educational attainment level of their parents (children aged less than 16 years),A,Annual,TOTAL,All ISCED 2011 levels,PC,Percentage,BG,Bulgaria,2024,,29.8,,,,,
dataflow,ESTAT:ILC_CHMD03(1.0),Child specific material deprivation rate by educational attainment level of their parents (children aged less than 16 years),A,Annual,TOTAL,All ISCED 2011 levels,PC,Percentage,CH,Switzerland,2021,,6.4,,,,,
dataflow,ESTAT:ILC_CHMD03(1.0),Child specific material deprivation rate by educational attainment level of their parents (children aged less than 16 years),A,Annual,TOTAL,All ISCED 2011 levels,PC,Percentage,CY,Cyprus,2021,,23.5,,,,,
dataflow,ESTAT:ILC_CHMD03(1.0),Child specific material deprivation rate by educational attainment level of their parents (children aged less than 16 years),A,Annual,TOTAL,All ISCED 2011 levels,PC,Percentage,CY,Cyprus,2024,,14.6,,,,,
dataflow,ESTAT:ILC_CHMD03(1.0),Child specific material deprivation rate by educational attainment level of their parents (children aged less than 16 years),A,Annual,TOTAL,All ISCED 2011 levels,PC,Percentage,CZ,Czechia,2021,,6.9,,,,,
dataflow,ESTAT:ILC_CHMD03(1.0),Child specific material deprivation rate by educational attainment level of their parents (children aged less than 16 years),A,Annual,TOTAL,All ISCED 2011 levels,PC,Percentage,CZ,Czechia,2024,,7.9,,,,,
dataflow,ESTAT:ILC_CHMD03(1.0),Child specific material deprivation rate by educational attainment level of their parents (children aged less than 16 years),A,Annual,TOTAL,All ISCED 2011 levels,PC,Percentage,DE,Germany,2021,,,,u,low reliability,,
dataflow,ESTAT:ILC_CHMD03(1.0),Child specific material deprivation rate by educational attainment level of their parents (children aged less than 16 years),A,Annual,TOTAL,All ISCED 2011 levels,PC,Percentage,DE,Germany,2024,,11.3,,,,,
dataflow,ESTAT:ILC_CHMD03(1.0),Child specific material deprivation rate by educational attainment level of their parents (children aged less than 16 years),A,Annual,TOTAL,All ISCED 2011 levels,PC,Percentage,DK,Denmark,2021,,4.7,,,,,
dataflow,ESTAT:ILC_CHMD03(1.0),Child specific material deprivation rate by educational attainment level of their parents (children aged less than 16 years),A,Annual,TOTAL,All ISCED 2011 levels,PC,Percentage,DK,Denmark,2024,,6.5,,,,,
dataflow,ESTAT:ILC_CHMD03(1.0),Child specific material deprivation rate by educational attainment level of their parents (children aged less than 16 years),A,Annual,TOTAL,All ISCED 2011 levels,PC,Percentage,EA20,Euro area – 20 countries (from 2023),2021,,11.6,,e,estimated,,
dataflow,ESTAT:ILC_CHMD03(1.0),Child specific material deprivation rate by educational attainment level of their parents (children aged less than 16 years),A,Annual,TOTAL,All ISCED 2011 levels,PC,Percentage,EA20,Euro area – 20 countries (from 2023),2024,,13.4,,,,,
dataflow,ESTAT:ILC_CHMD03(1.0),Child specific material deprivation rate by educational attainment level of their parents (children aged less than 16 years),A,Annual,TOTAL,All ISCED 2011 levels,PC,Percentage,EE,Estonia,2021,,3.8,,,,,
dataflow,ESTAT:ILC_CHMD03(1.0),Child specific material deprivation rate by educational attainment level of their parents (children aged less than 16 years),A,Annual,TOTAL,All ISCED 2011 levels,PC,Percentage,EE,Estonia,2024,,6.9,,,,,
dataflow,ESTAT:ILC_CHMD03(1.0),Child specific material deprivation rate by educational attainment level of their parents (children aged less than 16 years),A,Annual,TOTAL,All ISCED 2011 levels,PC,Percentage,EL,Greece,2021,,33.9,,,,,
dataflow,ESTAT:ILC_CHMD03(1.0),Child specific material deprivation rate by educational attainment level of their parents (children aged less than 16 years),A,Annual,TOTAL,All ISCED 2011 levels,PC,Percentage,EL,Greece,2024,,33.6,,,,,
dataflow,ESTAT:ILC_CHMD03(1.0),Child specific material deprivation rate by educational attainment level of their parents (children aged less than 16 years),A,Annual,TOTAL,All ISCED 2011 levels,PC,Percentage,ES,Spain,2021,,19.6,,,,,
dataflow,ESTAT:ILC_CHMD03(1.0),Child specific material deprivation rate by educational attainment level of their parents (children aged less than 16 years),A,Annual,TOTAL,All ISCED 2011 levels,PC,Percentage,ES,Spain,2024,,20.3,,,,,
dataflow,ESTAT:ILC_CHMD03(1.0),Child specific material deprivation rate by educational attainment level of their parents (children aged less than 16 years),A,Annual,TOTAL,All ISCED 2011 levels,PC,Percentage,EU27_2020,European Union - 27 countries (from 2020),2021,,12.6,,e,estimated,,
dataflow,ESTAT:ILC_CHMD03(1.0),Child specific material deprivation rate by educational attainment level of their parents (children aged less than 16 years),A,Annual,TOTAL,All ISCED 2011 levels,PC,Percentage,EU27_2020,European Union - 27 countries (from 2020),2024,,13.6,,,,,
dataflow,ESTAT:ILC_CHMD03(1.0),Child specific material deprivation rate by educational attainment level of their parents (children aged less than 16 years),A,Annual,TOTAL,All ISCED 2011 levels,PC,Percentage,FI,Finland,2021,,3.5,,,,,
dataflow,ESTAT:ILC_CHMD03(1.0),Child specific material deprivation rate by educational attainment level of their parents (children aged less than 16 years),A,Annual,TOTAL,All ISCED 2011 levels,PC,Percentage,FI,Finland,2024,,9.4,,,,,
dataflow,ESTAT:ILC_CHMD03(1.0),Child specific material deprivation rate by educational attainment level of their parents (children aged less than 16 years),A,Annual,TOTAL,All ISCED 2011 levels,PC,Percentage,FR,France,2021,,11.1,,,,,
dataflow,ESTAT:ILC_CHMD03(1.0),Child specific material deprivation rate by educational attainment level of their parents (children aged less than 16 years),A,Annual,TOTAL,All ISCED 2011 levels,PC,Percentage,FR,France,2024,,13.4,,,,,
dataflow,ESTAT:ILC_CHMD03(1.0),Child specific material deprivation rate by educational attainment level of their parents (children aged less than 16 years),A,Annual,TOTAL,All ISCED 2011 levels,PC,Percentage,HR,Croatia,2021,,5.7,,,,,
dataflow,ESTAT:ILC_CHMD03(1.0),Child specific material deprivation rate by educational attainment level of their parents (children aged less than 16 years),A,Annual,TOTAL,All ISCED 2011 levels,PC,Percentage,HR,Croatia,2024,,2.7,,,,,
dataflow,ESTAT:ILC_CHMD03(1.0),Child specific material deprivation rate by educational attainment level of their parents (children aged less than 16 years),A,Annual,TOTAL,All ISCED 2011 levels,PC,Percentage,HU,Hungary,2021,,24.4,,,,,
dataflow,ESTAT:ILC_CHMD03(1.0),Child specific material deprivation rate by educational attainment level of their parents (children aged less than 16 years),A,Annual,TOTAL,All ISCED 2011 levels,PC,Percentage,HU,Hungary,2024,,18.4,,u,low reliability,,
dataflow,ESTAT:ILC_CHMD03(1.0),Child specific material deprivation rate by educational attainment level of their parents (children aged less than 16 years),A,Annual,TOTAL,All ISCED 2011 levels,PC,Percentage,IE,Ireland,2021,,12.5,,,,,
dataflow,ESTAT:ILC_CHMD03(1.0),Child specific material deprivation rate by educational attainment level of their parents (children aged less than 16 years),A,Annual,TOTAL,All ISCED 2011 levels,PC,Percentage,IE,Ireland,2024,,13.2,,,,,
dataflow,ESTAT:ILC_CHMD03(1.0),Child specific material deprivation rate by educational attainment level of their parents (children aged less than 16 years),A,Annual,TOTAL,All ISCED 2011 levels,PC,Percentage,IS,Iceland,2021,,1.4,,,,,
dataflow,ESTAT:ILC_CHMD03(1.0),Child specific material deprivation rate by educational attainment level of their parents (children aged less than 16 years),A,Annual,TOTAL,All ISCED 2011 levels,PC,Percentage,IT,Italy,2021,,13.5,,,,,
dataflow,ESTAT:ILC_CHMD03(1.0),Child specific material deprivation rate by educational attainment level of their parents (children aged less than 16 years),A,Annual,TOTAL,All ISCED 2011 levels,PC,Percentage,IT,Italy,2024,,11.6,,,,,
dataflow,ESTAT:ILC_CHMD03(1.0),Child specific material deprivation rate by educational attainment level of their parents (children aged less than 16 years),A,Annual,TOTAL,All ISCED 2011 levels,PC,Percentage,LT,Lithuania,2021,,9.7,,,,,
dataflow,ESTAT:ILC_CHMD03(1.0),Child specific material deprivation rate by educational attainment level of their parents (children aged less than 16 years),A,Annual,TOTAL,All ISCED 2011 levels,PC,Percentage,LT,Lithuania,2024,,7.4,,p,provisional,,
dataflow,ESTAT:ILC_CHMD03(1.0),Child specific material deprivation rate by educational attainment level of their parents (children aged less than 16 years),A,Annual,TOTAL,All ISCED 2011 levels,PC,Percentage,LU,Luxembourg,2021,,8.3,,,,,
dataflow,ESTAT:ILC_CHMD03(1.0),Child specific material deprivation rate by educational attainment level of their parents (children aged less than 16 years),A,Annual,TOTAL,All ISCED 2011 levels,PC,Percentage,LU,Luxembourg,2024,,6.6,,,,,
dataflow,ESTAT:ILC_CHMD03(1.0),Child specific material deprivation rate by educational attainment level of their parents (children aged less than 16 years),A,Annual,TOTAL,All ISCED 2011 levels,PC,Percentage,LV,Latvia,2021,,9.0,,,,,
dataflow,ESTAT:ILC_CHMD03(1.0),Child specific material deprivation rate by educational attainment level of their parents (children aged less than 16 years),A,Annual,TOTAL,All ISCED 2011 levels,PC,Percentage,LV,Latvia,2024,,7.0,,,,,
dataflow,ESTAT:ILC_CHMD03(1.0),Child specific material deprivation rate by educational attainment level of their parents (children aged less than 16 years),A,Annual,TOTAL,All ISCED 2011 levels,PC,Percentage,ME,Montenegro,2021,,43.4,,,,,
dataflow,ESTAT:ILC_CHMD03(1.0),Child specific material deprivation rate by educational attainment level of their parents (children aged less than 16 years),A,Annual,TOTAL,All ISCED 2011 levels,PC,Percentage,MT,Malta,2021,,10.1,,,,,
dataflow,ESTAT:ILC_CHMD03(1.0),Child specific material deprivation rate by educational attainment level of their parents (children aged less than 16 years),A,Annual,TOTAL,All ISCED 2011 levels,PC,Percentage,MT,Malta,2024,,7.7,,,,,
dataflow,ESTAT:ILC_CHMD03(1.0),Child specific material deprivation rate by educational attainment level of their parents (children aged less than 16 years),A,Annual,TOTAL,All ISCED 2011 levels,PC,Percentage,NL,Netherlands,2021,,5.0,,,,,
dataflow,ESTAT:ILC_CHMD03(1.0),Child specific material deprivation rate by educational attainment level of their parents (children aged less than 16 years),A,Annual,TOTAL,All ISCED 2011 levels,PC,Percentage,NL,Netherlands,2024,,9.8,,,,,
dataflow,ESTAT:ILC_CHMD03(1.0),Child specific material deprivation rate by educational attainment level of their parents (children aged less than 16 years),A,Annual,TOTAL,All ISCED 2011 levels,PC,Percentage,NO,Norway,2021,,5.5,,,,,
dataflow,ESTAT:ILC_CHMD03(1.0),Child specific material deprivation rate by educational attainment level of their parents (children aged less than 16 years),A,Annual,TOTAL,All ISCED 2011 levels,PC,Percentage,NO,Norway,2024,,5.6,,,,,
dataflow,ESTAT:ILC_CHMD03(1.0),Child specific material deprivation rate by educational attainment level of their parents (children aged less than 16 years),A,Annual,TOTAL,All ISCED 2011 levels,PC,Percentage,PL,Poland,2021,,4.6,,,,,
dataflow,ESTAT:ILC_CHMD03(1.0),Child specific material deprivation rate by educational attainment level of their parents (children aged less than 16 years),A,Annual,TOTAL,All ISCED 2011 levels,PC,Percentage,PL,Poland,2024,,6.3,,,,,
dataflow,ESTAT:ILC_CHMD03(1.0),Child specific material deprivation rate by educational attainment level of their parents (children aged less than 16 years),A,Annual,TOTAL,All ISCED 2011 levels,PC,Percentage,PT,Portugal,2021,,13.7,,,,,
dataflow,ESTAT:ILC_CHMD03(1.0),Child specific material deprivation rate by educational attainment level of their parents (children aged less than 16 years),A,Annual,TOTAL,All ISCED 2011 levels,PC,Percentage,PT,Portugal,2024,,14.8,,,,,
dataflow,ESTAT:ILC_CHMD03(1.0),Child specific material deprivation rate by educational attainment level of their parents (children aged less than 16 years),A,Annual,TOTAL,All ISCED 2011 levels,PC,Percentage,RO,Romania,2021,,42.4,,,,,
dataflow,ESTAT:ILC_CHMD03(1.0),Child specific material deprivation rate by educational attainment level of their parents (children aged less than 16 years),A,Annual,TOTAL,All ISCED 2011 levels,PC,Percentage,RO,Romania,2024,,31.8,,,,,
dataflow,ESTAT:ILC_CHMD03(1.0),Child specific material deprivation rate by educational attainment level of their parents (children aged less than 16 years),A,Annual,TOTAL,All ISCED 2011 levels,PC,Percentage,RS,Serbia,2021,,21.9,,,,,
dataflow,ESTAT:ILC_CHMD03(1.0),Child specific material deprivation rate by educational attainment level of their parents (children aged less than 16 years),A,Annual,TOTAL,All ISCED 2011 levels,PC,Percentage,SE,Sweden,2021,,3.3,,,,,
dataflow,ESTAT:ILC_CHMD03(1.0),Child specific material deprivation rate by educational attainment level of their parents (children aged less than 16 years),A,Annual,TOTAL,All ISCED 2011 levels,PC,Percentage,SE,Sweden,2024,,5.5,,,,,
dataflow,ESTAT:ILC_CHMD03(1.0),Child specific material deprivation rate by educational attainment level of their parents (children aged less than 16 years),A,Annual,TOTAL,All ISCED 2011 levels,PC,Percentage,SI,Slovenia,2021,,2.9,,,,,
dataflow,ESTAT:ILC_CHMD03(1.0),Child specific material deprivation rate by educational attainment level of their parents (children aged less than 16 years),A,Annual,TOTAL,All ISCED 2011 levels,PC,Percentage,SI,Slovenia,2024,,3.8,,,,,
dataflow,ESTAT:ILC_CHMD03(1.0),Child specific material deprivation rate by educational attainment level of their parents (children aged less than 16 years),A,Annual,TOTAL,All ISCED 2011 levels,PC,Percentage,SK,Slovakia,2021,,12.9,,,,,
dataflow,ESTAT:ILC_CHMD03(1.0),Child specific material deprivation rate by educational attainment level of their parents (children aged less than 16 years),A,Annual,TOTAL,All ISCED 2011 levels,PC,Percentage,SK,Slovakia,2024,,13.8,,,,,
dataflow,ESTAT:ILC_CHMD03(1.0),Child specific material deprivation rate by educational attainment level of their parents (children aged less than 16 years),A,Annual,TOTAL,All ISCED 2011 levels,PC,Percentage,TR,Türkiye,2021,,29.4,,,,,
dataflow,ESTAT:ILC_CHMD03(1.0),Child specific material deprivation rate by educational attainment level of their parents (children aged less than 16 years),A,Annual,UNK,Unknown,PC,Percentage,AL,Albania,2021,,59.4,,u,low reliability,,
dataflow,ESTAT:ILC_CHMD03(1.0),Child specific material deprivation rate by educational attainment level of their parents (children aged less than 16 years),A,Annual,UNK,Unknown,PC,Percentage,AT,Austria,2021,,,,u,low reliability,,
dataflow,ESTAT:ILC_CHMD03(1.0),Child specific material deprivation rate by educational attainment level of their parents (children aged less than 16 years),A,Annual,UNK,Unknown,PC,Percentage,AT,Austria,2024,,,,u,low reliability,,
dataflow,ESTAT:ILC_CHMD03(1.0),Child specific material deprivation rate by educational attainment level of their parents (children aged less than 16 years),A,Annual,UNK,Unknown,PC,Percentage,BE,Belgium,2021,,,,u,low reliability,,
dataflow,ESTAT:ILC_CHMD03(1.0),Child specific material deprivation rate by educational attainment level of their parents (children aged less than 16 years),A,Annual,UNK,Unknown,PC,Percentage,BE,Belgium,2024,,,,u,low reliability,,
dataflow,ESTAT:ILC_CHMD03(1.0),Child specific material deprivation rate by educational attainment level of their parents (children aged less than 16 years),A,Annual,UNK,Unknown,PC,Percentage,BG,Bulgaria,2021,,40.2,,,,,
dataflow,ESTAT:ILC_CHMD03(1.0),Child specific material deprivation rate by educational attainment level of their parents (children aged less than 16 years),A,Annual,UNK,Unknown,PC,Percentage,BG,Bulgaria,2024,,57.0,,,,,
dataflow,ESTAT:ILC_CHMD03(1.0),Child specific material deprivation rate by educational attainment level of their parents (children aged less than 16 years),A,Annual,UNK,Unknown,PC,Percentage,CH,Switzerland,2021,,,,u,low reliability,,
dataflow,ESTAT:ILC_CHMD03(1.0),Child specific material deprivation rate by educational attainment level of their parents (children aged less than 16 years),A,Annual,UNK,Unknown,PC,Percentage,CY,Cyprus,2021,,,,u,low reliability,,
dataflow,ESTAT:ILC_CHMD03(1.0),Child specific material deprivation rate by educational attainment level of their parents (children aged less than 16 years),A,Annual,UNK,Unknown,PC,Percentage,CY,Cyprus,2024,,,,u,low reliability,,
dataflow,ESTAT:ILC_CHMD03(1.0),Child specific material deprivation rate by educational attainment level of their parents (children aged less than 16 years),A,Annual,UNK,Unknown,PC,Percentage,CZ,Czechia,2021,,,,u,low reliability,,
dataflow,ESTAT:ILC_CHMD03(1.0),Child specific material deprivation rate by educational attainment level of their parents (children aged less than 16 years),A,Annual,UNK,Unknown,PC,Percentage,CZ,Czechia,2024,,34.1,,u,low reliability,,
dataflow,ESTAT:ILC_CHMD03(1.0),Child specific material deprivation rate by educational attainment level of their parents (children aged less than 16 years),A,Annual,UNK,Unknown,PC,Percentage,DE,Germany,2021,,,,u,low reliability,,
dataflow,ESTAT:ILC_CHMD03(1.0),Child specific material deprivation rate by educational attainment level of their parents (children aged less than 16 years),A,Annual,UNK,Unknown,PC,Percentage,DE,Germany,2024,,,,u,low reliability,,
dataflow,ESTAT:ILC_CHMD03(1.0),Child specific material deprivation rate by educational attainment level of their parents (children aged less than 16 years),A,Annual,UNK,Unknown,PC,Percentage,DK,Denmark,2021,,10.5,,u,low reliability,,
dataflow,ESTAT:ILC_CHMD03(1.0),Child specific material deprivation rate by educational attainment level of their parents (children aged less than 16 years),A,Annual,UNK,Unknown,PC,Percentage,DK,Denmark,2024,,35.4,,u,low reliability,,
dataflow,ESTAT:ILC_CHMD03(1.0),Child specific material deprivation rate by educational attainment level of their parents (children aged less than 16 years),A,Annual,UNK,Unknown,PC,Percentage,EA20,Euro area – 20 countries (from 2023),2021,,,,u,low reliability,,
dataflow,ESTAT:ILC_CHMD03(1.0),Child specific material deprivation rate by educational attainment level of their parents (children aged less than 16 years),A,Annual,UNK,Unknown,PC,Percentage,EA20,Euro area – 20 countries (from 2023),2024,,,,u,low reliability,,
dataflow,ESTAT:ILC_CHMD03(1.0),Child specific material deprivation rate by educational attainment level of their parents (children aged less than 16 years),A,Annual,UNK,Unknown,PC,Percentage,EE,Estonia,2021,,3.1,,u,low reliability,,
dataflow,ESTAT:ILC_CHMD03(1.0),Child specific material deprivation rate by educational attainment level of their parents (children aged less than 16 years),A,Annual,UNK,Unknown,PC,Percentage,EE,Estonia,2024,,6.4,,u,low reliability,,
dataflow,ESTAT:ILC_CHMD03(1.0),Child specific material deprivation rate by educational attainment level of their parents (children aged less than 16 years),A,Annual,UNK,Unknown,PC,Percentage,EL,Greece,2021,,,,u,low reliability,,
dataflow,ESTAT:ILC_CHMD03(1.0),Child specific material deprivation rate by educational attainment level of their parents (children aged less than 16 years),A,Annual,UNK,Unknown,PC,Percentage,EL,Greece,2024,,,,u,low reliability,,
dataflow,ESTAT:ILC_CHMD03(1.0),Child specific material deprivation rate by educational attainment level of their parents (children aged less than 16 years),A,Annual,UNK,Unknown,PC,Percentage,ES,Spain,2021,,24.3,,,,,
dataflow,ESTAT:ILC_CHMD03(1.0),Child specific material deprivation rate by educational attainment level of their parents (children aged less than 16 years),A,Annual,UNK,Unknown,PC,Percentage,ES,Spain,2024,,41.4,,,,,
dataflow,ESTAT:ILC_CHMD03(1.0),Child specific material deprivation rate by educational attainment level of their parents (children aged less than 16 years),A,Annual,UNK,Unknown,PC,Percentage,EU27_2020,European Union - 27 countries (from 2020),2021,,,,u,low reliability,,
dataflow,ESTAT:ILC_CHMD03(1.0),Child specific material deprivation rate by educational attainment level of their parents (children aged less than 16 years),A,Annual,UNK,Unknown,PC,Percentage,EU27_2020,European Union - 27 countries (from 2020),2024,,,,u,low reliability,,
dataflow,ESTAT:ILC_CHMD03(1.0),Child specific material deprivation rate by educational attainment level of their parents (children aged less than 16 years),A,Annual,UNK,Unknown,PC,Percentage,FI,Finland,2021,,10.7,,,,,
dataflow,ESTAT:ILC_CHMD03(1.0),Child specific material deprivation rate by educational attainment level of their parents (children aged less than 16 years),A,Annual,UNK,Unknown,PC,Percentage,FI,Finland,2024,,28.8,,,,,
dataflow,ESTAT:ILC_CHMD03(1.0),Child specific material deprivation rate by educational attainment level of their parents (children aged less than 16 years),A,Annual,UNK,Unknown,PC,Percentage,FR,France,2021,,13.7,,,,,
dataflow,ESTAT:ILC_CHMD03(1.0),Child specific material deprivation rate by educational attainment level of their parents (children aged less than 16 years),A,Annual,UNK,Unknown,PC,Percentage,FR,France,2024,,20.2,,,,,
dataflow,ESTAT:ILC_CHMD03(1.0),Child specific material deprivation rate by educational attainment level of their parents (children aged less than 16 years),A,Annual,UNK,Unknown,PC,Percentage,HR,Croatia,2021,,24.6,,u,low reliability,,
dataflow,ESTAT:ILC_CHMD03(1.0),Child specific material deprivation rate by educational attainment level of their parents (children aged less than 16 years),A,Annual,UNK,Unknown,PC,Percentage,HR,Croatia,2024,,,,u,low reliability,,
dataflow,ESTAT:ILC_CHMD03(1.0),Child specific material deprivation rate by educational attainment level of their parents (children aged less than 16 years),A,Annual,UNK,Unknown,PC,Percentage,HU,Hungary,2021,,42.8,,u,low reliability,,
dataflow,ESTAT:ILC_CHMD03(1.0),Child specific material deprivation rate by educational attainment level of their parents (children aged less than 16 years),A,Annual,UNK,Unknown,PC,Percentage,HU,Hungary,2024,,40.0,,u,low reliability,,
dataflow,ESTAT:ILC_CHMD03(1.0),Child specific material deprivation rate by educational attainment level of their parents (children aged less than 16 years),A,Annual,UNK,Unknown,PC,Percentage,IE,Ireland,2021,,0.0,,u,low reliability,,
dataflow,ESTAT:ILC_CHMD03(1.0),Child specific material deprivation rate by educational attainment level of their parents (children aged less than 16 years),A,Annual,UNK,Unknown,PC,Percentage,IE,Ireland,2024,,,,u,low reliability,,
dataflow,ESTAT:ILC_CHMD03(1.0),Child specific material deprivation rate by educational attainment level of their parents (children aged less than 16 years),A,Annual,UNK,Unknown,PC,Percentage,IS,Iceland,2021,,,,u,low reliability,,
dataflow,ESTAT:ILC_CHMD03(1.0),Child specific material deprivation rate by educational attainment level of their parents (children aged less than 16 years),A,Annual,UNK,Unknown,PC,Percentage,IT,Italy,2021,,,,u,low reliability,,
dataflow,ESTAT:ILC_CHMD03(1.0),Child specific material deprivation rate by educational attainment level of their parents (children aged less than 16 years),A,Annual,UNK,Unknown,PC,Percentage,IT,Italy,2024,,21.4,,,,,
dataflow,ESTAT:ILC_CHMD03(1.0),Child specific material deprivation rate by educational attainment level of their parents (children aged less than 16 years),A,Annual,UNK,Unknown,PC,Percentage,LT,Lithuania,2021,,8.0,,u,low reliability,,
dataflow,ESTAT:ILC_CHMD03(1.0),Child specific material deprivation rate by educational attainment level of their parents (children aged less than 16 years),A,Annual,UNK,Unknown,PC,Percentage,LT,Lithuania,2024,,9.7,,pu,"provisional, low reliability",,
dataflow,ESTAT:ILC_CHMD03(1.0),Child specific material deprivation rate by educational attainment level of their parents (children aged less than 16 years),A,Annual,UNK,Unknown,PC,Percentage,LU,Luxembourg,2021,,5.6,,,,,
dataflow,ESTAT:ILC_CHMD03(1.0),Child specific material deprivation rate by educational attainment level of their parents (children aged less than 16 years),A,Annual,UNK,Unknown,PC,Percentage,LU,Luxembourg,2024,,7.8,,,,,
dataflow,ESTAT:ILC_CHMD03(1.0),Child specific material deprivation rate by educational attainment level of their parents (children aged less than 16 years),A,Annual,UNK,Unknown,PC,Percentage,LV,Latvia,2021,,20.2,,,,,
dataflow,ESTAT:ILC_CHMD03(1.0),Child specific material deprivation rate by educational attainment level of their parents (children aged less than 16 years),A,Annual,UNK,Unknown,PC,Percentage,LV,Latvia,2024,,14.3,,,,,
dataflow,ESTAT:ILC_CHMD03(1.0),Child specific material deprivation rate by educational attainment level of their parents (children aged less than 16 years),A,Annual,UNK,Unknown,PC,Percentage,ME,Montenegro,2021,,,,u,low reliability,,
dataflow,ESTAT:ILC_CHMD03(1.0),Child specific material deprivation rate by educational attainment level of their parents (children aged less than 16 years),A,Annual,UNK,Unknown,PC,Percentage,MT,Malta,2021,,,,u,low reliability,,
dataflow,ESTAT:ILC_CHMD03(1.0),Child specific material deprivation rate by educational attainment level of their parents (children aged less than 16 years),A,Annual,UNK,Unknown,PC,Percentage,MT,Malta,2024,,,,u,low reliability,,
dataflow,ESTAT:ILC_CHMD03(1.0),Child specific material deprivation rate by educational attainment level of their parents (children aged less than 16 years),A,Annual,UNK,Unknown,PC,Percentage,NL,Netherlands,2021,,28.2,,,,,
dataflow,ESTAT:ILC_CHMD03(1.0),Child specific material deprivation rate by educational attainment level of their parents (children aged less than 16 years),A,Annual,UNK,Unknown,PC,Percentage,NL,Netherlands,2024,,38.7,,u,low reliability,,
dataflow,ESTAT:ILC_CHMD03(1.0),Child specific material deprivation rate by educational attainment level of their parents (children aged less than 16 years),A,Annual,UNK,Unknown,PC,Percentage,NO,Norway,2021,,0.0,,u,low reliability,,
dataflow,ESTAT:ILC_CHMD03(1.0),Child specific material deprivation rate by educational attainment level of their parents (children aged less than 16 years),A,Annual,UNK,Unknown,PC,Percentage,NO,Norway,2024,,,,u,low reliability,,
dataflow,ESTAT:ILC_CHMD03(1.0),Child specific material deprivation rate by educational attainment level of their parents (children aged less than 16 years),A,Annual,UNK,Unknown,PC,Percentage,PL,Poland,2021,,8.6,,,,,
dataflow,ESTAT:ILC_CHMD03(1.0),Child specific material deprivation rate by educational attainment level of their parents (children aged less than 16 years),A,Annual,UNK,Unknown,PC,Percentage,PL,Poland,2024,,2.3,,,,,
dataflow,ESTAT:ILC_CHMD03(1.0),Child specific material deprivation rate by educational attainment level of their parents (children aged less than 16 years),A,Annual,UNK,Unknown,PC,Percentage,PT,Portugal,2021,,44.0,,u,low reliability,,
dataflow,ESTAT:ILC_CHMD03(1.0),Child specific material deprivation rate by educational attainment level of their parents (children aged less than 16 years),A,Annual,UNK,Unknown,PC,Percentage,PT,Portugal,2024,,44.6,,,,,
dataflow,ESTAT:ILC_CHMD03(1.0),Child specific material deprivation rate by educational attainment level of their parents (children aged less than 16 years),A,Annual,UNK,Unknown,PC,Percentage,RO,Romania,2021,,,,u,low reliability,,
dataflow,ESTAT:ILC_CHMD03(1.0),Child specific material deprivation rate by educational attainment level of their parents (children aged less than 16 years),A,Annual,UNK,Unknown,PC,Percentage,RO,Romania,2024,,,,u,low reliability,,
dataflow,ESTAT:ILC_CHMD03(1.0),Child specific material deprivation rate by educational attainment level of their parents (children aged less than 16 years),A,Annual,UNK,Unknown,PC,Percentage,RS,Serbia,2021,,32.2,,u,low reliability,,
dataflow,ESTAT:ILC_CHMD03(1.0),Child specific material deprivation rate by educational attainment level of their parents (children aged less than 16 years),A,Annual,UNK,Unknown,PC,Percentage,SE,Sweden,2021,,12.9,,,,,
dataflow,ESTAT:ILC_CHMD03(1.0),Child specific material deprivation rate by educational attainment level of their parents (children aged less than 16 years),A,Annual,UNK,Unknown,PC,Percentage,SE,Sweden,2024,,9.1,,,,,
dataflow,ESTAT:ILC_CHMD03(1.0),Child specific material deprivation rate by educational attainment level of their parents (children aged less than 16 years),A,Annual,UNK,Unknown,PC,Percentage,SI,Slovenia,2021,,,,u,low reliability,,
dataflow,ESTAT:ILC_CHMD03(1.0),Child specific material deprivation rate by educational attainment level of their parents (children aged less than 16 years),A,Annual,UNK,Unknown,PC,Percentage,SI,Slovenia,2024,,4.7,,u,low reliability,,
dataflow,ESTAT:ILC_CHMD03(1.0),Child specific material deprivation rate by educational attainment level of their parents (children aged less than 16 years),A,Annual,UNK,Unknown,PC,Percentage,SK,Slovakia,2021,,,,u,low reliability,,
dataflow,ESTAT:ILC_CHMD03(1.0),Child specific material deprivation rate by educational attainment level of their parents (children aged less than 16 years),A,Annual,UNK,Unknown,PC,Percentage,SK,Slovakia,2024,,,,u,low reliability,,
dataflow,ESTAT:ILC_CHMD03(1.0),Child specific material deprivation rate by educational attainment level of their parents (children aged less than 16 years),A,Annual,UNK,Unknown,PC,Percentage,TR,Türkiye,2021,,23.0,,,,,
